build,accuracy,f1,precision
1,0.8223140495867769,0.6534586971121558,0.6981583353264769
